{
  "category": "leather",
  "strategy": "imagenet",
  "checkpoint_tag": null,
  "auroc": 0.9976222826086957,
  "pro": 0.9072040658158603,
  "n_test_images": 124,
  "n_anomalous": 92
}