{
  "category": "leather",
  "strategy": "scratch",
  "checkpoint_tag": null,
  "auroc": 0.8879076086956521,
  "pro": 0.7798047747449387,
  "n_test_images": 124,
  "n_anomalous": 92
}