strategy,bwt
naive,-0.0633
ewc,-0.038781799576402265
replay,-0.010682158920539808
packnet,-0.07335260940958094
